dataset_id,method,model,defect_type,precision,recall,f1
synth_easy,rule_based,xgb,leakage,1.0,0.0,0.0
synth_easy,rule_based,xgb,missing,0.75,1.0,0.8571428571428571
synth_easy,rule_based,xgb,label_noise,1.0,0.0,0.0
synth_easy,rule_based,xgb,near_duplicate,1.0,0.0,0.0
synth_easy,rule_based,xgb,class_imbalance,1.0,0.0,0.0
synth_easy,rule_based,xgb,format_inconsistency,1.0,1.0,1.0
synth_easy,agent_full,xgb,leakage,1.0,1.0,1.0
synth_easy,agent_full,xgb,missing,1.0,1.0,1.0
synth_easy,agent_full,xgb,label_noise,1.0,1.0,1.0
synth_easy,agent_full,xgb,near_duplicate,1.0,0.0,0.0
synth_easy,agent_full,xgb,class_imbalance,1.0,1.0,1.0
synth_easy,agent_full,xgb,format_inconsistency,1.0,0.0,0.0
synth_easy,agent_no_reviewer,xgb,leakage,1.0,1.0,1.0
synth_easy,agent_no_reviewer,xgb,missing,1.0,1.0,1.0
synth_easy,agent_no_reviewer,xgb,label_noise,1.0,1.0,1.0
synth_easy,agent_no_reviewer,xgb,near_duplicate,1.0,0.0,0.0
synth_easy,agent_no_reviewer,xgb,class_imbalance,1.0,1.0,1.0
synth_easy,agent_no_reviewer,xgb,format_inconsistency,1.0,0.0,0.0
synth_easy,agent_no_planner,xgb,leakage,1.0,1.0,1.0
synth_easy,agent_no_planner,xgb,missing,1.0,1.0,1.0
synth_easy,agent_no_planner,xgb,label_noise,1.0,1.0,1.0
synth_easy,agent_no_planner,xgb,near_duplicate,1.0,0.0,0.0
synth_easy,agent_no_planner,xgb,class_imbalance,1.0,1.0,1.0
synth_easy,agent_no_planner,xgb,format_inconsistency,1.0,0.0,0.0
synth_easy,agent_zero_shot,xgb,leakage,1.0,1.0,1.0
synth_easy,agent_zero_shot,xgb,missing,1.0,1.0,1.0
synth_easy,agent_zero_shot,xgb,label_noise,1.0,1.0,1.0
synth_easy,agent_zero_shot,xgb,near_duplicate,1.0,0.0,0.0
synth_easy,agent_zero_shot,xgb,class_imbalance,1.0,1.0,1.0
synth_easy,agent_zero_shot,xgb,format_inconsistency,1.0,0.0,0.0
synth_easy,agent_few_shot,xgb,leakage,1.0,1.0,1.0
synth_easy,agent_few_shot,xgb,missing,1.0,1.0,1.0
synth_easy,agent_few_shot,xgb,label_noise,1.0,1.0,1.0
synth_easy,agent_few_shot,xgb,near_duplicate,0.0,0.0,0.0
synth_easy,agent_few_shot,xgb,class_imbalance,1.0,1.0,1.0
synth_easy,agent_few_shot,xgb,format_inconsistency,1.0,0.0,0.0
synth_medium,rule_based,xgb,leakage,1.0,0.0,0.0
synth_medium,rule_based,xgb,missing,0.625,1.0,0.7692307692307693
synth_medium,rule_based,xgb,label_noise,1.0,0.0,0.0
synth_medium,rule_based,xgb,near_duplicate,1.0,0.0,0.0
synth_medium,rule_based,xgb,class_imbalance,1.0,1.0,1.0
synth_medium,rule_based,xgb,format_inconsistency,1.0,1.0,1.0
synth_medium,agent_full,xgb,leakage,1.0,1.0,1.0
synth_medium,agent_full,xgb,missing,1.0,1.0,1.0
synth_medium,agent_full,xgb,label_noise,1.0,1.0,1.0
synth_medium,agent_full,xgb,near_duplicate,1.0,0.0,0.0
synth_medium,agent_full,xgb,class_imbalance,1.0,1.0,1.0
synth_medium,agent_full,xgb,format_inconsistency,1.0,0.3333333333333333,0.5
synth_medium,agent_no_reviewer,xgb,leakage,1.0,1.0,1.0
synth_medium,agent_no_reviewer,xgb,missing,1.0,1.0,1.0
synth_medium,agent_no_reviewer,xgb,label_noise,1.0,1.0,1.0
synth_medium,agent_no_reviewer,xgb,near_duplicate,1.0,0.0,0.0
synth_medium,agent_no_reviewer,xgb,class_imbalance,1.0,1.0,1.0
synth_medium,agent_no_reviewer,xgb,format_inconsistency,1.0,0.3333333333333333,0.5
synth_medium,agent_no_planner,xgb,leakage,1.0,1.0,1.0
synth_medium,agent_no_planner,xgb,missing,1.0,1.0,1.0
synth_medium,agent_no_planner,xgb,label_noise,1.0,1.0,1.0
synth_medium,agent_no_planner,xgb,near_duplicate,1.0,0.0,0.0
synth_medium,agent_no_planner,xgb,class_imbalance,1.0,1.0,1.0
synth_medium,agent_no_planner,xgb,format_inconsistency,1.0,0.3333333333333333,0.5
synth_medium,agent_zero_shot,xgb,leakage,1.0,1.0,1.0
synth_medium,agent_zero_shot,xgb,missing,1.0,1.0,1.0
synth_medium,agent_zero_shot,xgb,label_noise,1.0,1.0,1.0
synth_medium,agent_zero_shot,xgb,near_duplicate,1.0,0.0,0.0
synth_medium,agent_zero_shot,xgb,class_imbalance,1.0,1.0,1.0
synth_medium,agent_zero_shot,xgb,format_inconsistency,1.0,0.3333333333333333,0.5
synth_medium,agent_few_shot,xgb,leakage,1.0,1.0,1.0
synth_medium,agent_few_shot,xgb,missing,1.0,1.0,1.0
synth_medium,agent_few_shot,xgb,label_noise,1.0,1.0,1.0
synth_medium,agent_few_shot,xgb,near_duplicate,0.0,0.0,0.0
synth_medium,agent_few_shot,xgb,class_imbalance,1.0,1.0,1.0
synth_medium,agent_few_shot,xgb,format_inconsistency,1.0,0.3333333333333333,0.5
Credit,rule_based,xgb,leakage,1.0,1.0,1.0
Credit,rule_based,xgb,missing,1.0,1.0,1.0
Credit,rule_based,xgb,label_noise,1.0,1.0,1.0
Credit,rule_based,xgb,near_duplicate,0.0,1.0,0.0
Credit,rule_based,xgb,class_imbalance,0.0,1.0,0.0
Credit,rule_based,xgb,format_inconsistency,1.0,1.0,1.0
Credit,agent_full,xgb,leakage,1.0,1.0,1.0
Credit,agent_full,xgb,missing,1.0,1.0,1.0
Credit,agent_full,xgb,label_noise,0.0,1.0,0.0
Credit,agent_full,xgb,near_duplicate,1.0,1.0,1.0
Credit,agent_full,xgb,class_imbalance,0.0,1.0,0.0
Credit,agent_full,xgb,format_inconsistency,1.0,1.0,1.0
Credit,agent_no_reviewer,xgb,leakage,1.0,1.0,1.0
Credit,agent_no_reviewer,xgb,missing,1.0,1.0,1.0
Credit,agent_no_reviewer,xgb,label_noise,0.0,1.0,0.0
Credit,agent_no_reviewer,xgb,near_duplicate,1.0,1.0,1.0
Credit,agent_no_reviewer,xgb,class_imbalance,0.0,1.0,0.0
Credit,agent_no_reviewer,xgb,format_inconsistency,1.0,1.0,1.0
Credit,agent_no_planner,xgb,leakage,1.0,1.0,1.0
Credit,agent_no_planner,xgb,missing,1.0,1.0,1.0
Credit,agent_no_planner,xgb,label_noise,0.0,1.0,0.0
Credit,agent_no_planner,xgb,near_duplicate,0.0,1.0,0.0
Credit,agent_no_planner,xgb,class_imbalance,0.0,1.0,0.0
Credit,agent_no_planner,xgb,format_inconsistency,1.0,1.0,1.0
Credit,agent_zero_shot,xgb,leakage,1.0,1.0,1.0
Credit,agent_zero_shot,xgb,missing,1.0,1.0,1.0
Credit,agent_zero_shot,xgb,label_noise,0.0,1.0,0.0
Credit,agent_zero_shot,xgb,near_duplicate,1.0,1.0,1.0
Credit,agent_zero_shot,xgb,class_imbalance,0.0,1.0,0.0
Credit,agent_zero_shot,xgb,format_inconsistency,1.0,1.0,1.0
Credit,agent_few_shot,xgb,leakage,1.0,1.0,1.0
Credit,agent_few_shot,xgb,missing,1.0,1.0,1.0
Credit,agent_few_shot,xgb,label_noise,0.0,1.0,0.0
Credit,agent_few_shot,xgb,near_duplicate,0.0,1.0,0.0
Credit,agent_few_shot,xgb,class_imbalance,0.0,1.0,0.0
Credit,agent_few_shot,xgb,format_inconsistency,1.0,1.0,1.0
EEG,rule_based,xgb,leakage,1.0,1.0,1.0
EEG,rule_based,xgb,missing,1.0,1.0,1.0
EEG,rule_based,xgb,label_noise,1.0,1.0,1.0
EEG,rule_based,xgb,near_duplicate,1.0,1.0,1.0
EEG,rule_based,xgb,class_imbalance,1.0,1.0,1.0
EEG,rule_based,xgb,format_inconsistency,1.0,1.0,1.0
EEG,agent_full,xgb,leakage,1.0,1.0,1.0
EEG,agent_full,xgb,missing,1.0,1.0,1.0
EEG,agent_full,xgb,label_noise,1.0,1.0,1.0
EEG,agent_full,xgb,near_duplicate,1.0,1.0,1.0
EEG,agent_full,xgb,class_imbalance,1.0,1.0,1.0
EEG,agent_full,xgb,format_inconsistency,1.0,1.0,1.0
EEG,agent_no_reviewer,xgb,leakage,1.0,1.0,1.0
EEG,agent_no_reviewer,xgb,missing,1.0,1.0,1.0
EEG,agent_no_reviewer,xgb,label_noise,1.0,1.0,1.0
EEG,agent_no_reviewer,xgb,near_duplicate,1.0,1.0,1.0
EEG,agent_no_reviewer,xgb,class_imbalance,1.0,1.0,1.0
EEG,agent_no_reviewer,xgb,format_inconsistency,1.0,1.0,1.0
EEG,agent_no_planner,xgb,leakage,1.0,1.0,1.0
EEG,agent_no_planner,xgb,missing,1.0,1.0,1.0
EEG,agent_no_planner,xgb,label_noise,1.0,1.0,1.0
EEG,agent_no_planner,xgb,near_duplicate,1.0,1.0,1.0
EEG,agent_no_planner,xgb,class_imbalance,1.0,1.0,1.0
EEG,agent_no_planner,xgb,format_inconsistency,1.0,1.0,1.0
EEG,agent_zero_shot,xgb,leakage,1.0,1.0,1.0
EEG,agent_zero_shot,xgb,missing,1.0,1.0,1.0
EEG,agent_zero_shot,xgb,label_noise,1.0,1.0,1.0
EEG,agent_zero_shot,xgb,near_duplicate,1.0,1.0,1.0
EEG,agent_zero_shot,xgb,class_imbalance,1.0,1.0,1.0
EEG,agent_zero_shot,xgb,format_inconsistency,1.0,1.0,1.0
EEG,agent_few_shot,xgb,leakage,1.0,1.0,1.0
EEG,agent_few_shot,xgb,missing,1.0,1.0,1.0
EEG,agent_few_shot,xgb,label_noise,1.0,1.0,1.0
EEG,agent_few_shot,xgb,near_duplicate,0.0,1.0,0.0
EEG,agent_few_shot,xgb,class_imbalance,1.0,1.0,1.0
EEG,agent_few_shot,xgb,format_inconsistency,1.0,1.0,1.0
Marketing,rule_based,xgb,leakage,1.0,1.0,1.0
Marketing,rule_based,xgb,missing,0.0,1.0,0.0
Marketing,rule_based,xgb,label_noise,1.0,1.0,1.0
Marketing,rule_based,xgb,near_duplicate,0.0,1.0,0.0
Marketing,rule_based,xgb,class_imbalance,0.0,1.0,0.0
Marketing,rule_based,xgb,format_inconsistency,1.0,1.0,1.0
Marketing,agent_full,xgb,leakage,1.0,1.0,1.0
Marketing,agent_full,xgb,missing,0.0,1.0,0.0
Marketing,agent_full,xgb,label_noise,1.0,1.0,1.0
Marketing,agent_full,xgb,near_duplicate,1.0,1.0,1.0
Marketing,agent_full,xgb,class_imbalance,0.0,1.0,0.0
Marketing,agent_full,xgb,format_inconsistency,1.0,1.0,1.0
Marketing,agent_no_reviewer,xgb,leakage,1.0,1.0,1.0
Marketing,agent_no_reviewer,xgb,missing,0.0,1.0,0.0
Marketing,agent_no_reviewer,xgb,label_noise,1.0,1.0,1.0
Marketing,agent_no_reviewer,xgb,near_duplicate,1.0,1.0,1.0
Marketing,agent_no_reviewer,xgb,class_imbalance,1.0,1.0,1.0
Marketing,agent_no_reviewer,xgb,format_inconsistency,1.0,1.0,1.0
Marketing,agent_no_planner,xgb,leakage,1.0,1.0,1.0
Marketing,agent_no_planner,xgb,missing,0.0,1.0,0.0
Marketing,agent_no_planner,xgb,label_noise,1.0,1.0,1.0
Marketing,agent_no_planner,xgb,near_duplicate,1.0,1.0,1.0
Marketing,agent_no_planner,xgb,class_imbalance,0.0,1.0,0.0
Marketing,agent_no_planner,xgb,format_inconsistency,1.0,1.0,1.0
Marketing,agent_zero_shot,xgb,leakage,1.0,1.0,1.0
Marketing,agent_zero_shot,xgb,missing,0.0,1.0,0.0
Marketing,agent_zero_shot,xgb,label_noise,1.0,1.0,1.0
Marketing,agent_zero_shot,xgb,near_duplicate,1.0,1.0,1.0
Marketing,agent_zero_shot,xgb,class_imbalance,1.0,1.0,1.0
Marketing,agent_zero_shot,xgb,format_inconsistency,1.0,1.0,1.0
Marketing,agent_few_shot,xgb,leakage,1.0,1.0,1.0
Marketing,agent_few_shot,xgb,missing,0.0,1.0,0.0
Marketing,agent_few_shot,xgb,label_noise,1.0,1.0,1.0
Marketing,agent_few_shot,xgb,near_duplicate,1.0,1.0,1.0
Marketing,agent_few_shot,xgb,class_imbalance,1.0,1.0,1.0
Marketing,agent_few_shot,xgb,format_inconsistency,1.0,1.0,1.0
Credit_base,rule_based,xgb,leakage,1.0,0.0,0.0
Credit_base,rule_based,xgb,missing,0.75,1.0,0.8571428571428571
Credit_base,rule_based,xgb,label_noise,1.0,0.0,0.0
Credit_base,rule_based,xgb,near_duplicate,1.0,0.0,0.0
Credit_base,rule_based,xgb,class_imbalance,1.0,1.0,1.0
Credit_base,rule_based,xgb,format_inconsistency,1.0,1.0,1.0
Credit_base,agent_full,xgb,leakage,1.0,1.0,1.0
Credit_base,agent_full,xgb,missing,1.0,1.0,1.0
Credit_base,agent_full,xgb,label_noise,1.0,1.0,1.0
Credit_base,agent_full,xgb,near_duplicate,1.0,0.0,0.0
Credit_base,agent_full,xgb,class_imbalance,1.0,1.0,1.0
Credit_base,agent_full,xgb,format_inconsistency,1.0,1.0,1.0
Credit_base,agent_no_reviewer,xgb,leakage,1.0,1.0,1.0
Credit_base,agent_no_reviewer,xgb,missing,1.0,1.0,1.0
Credit_base,agent_no_reviewer,xgb,label_noise,1.0,1.0,1.0
Credit_base,agent_no_reviewer,xgb,near_duplicate,1.0,0.0,0.0
Credit_base,agent_no_reviewer,xgb,class_imbalance,1.0,1.0,1.0
Credit_base,agent_no_reviewer,xgb,format_inconsistency,1.0,0.0,0.0
Credit_base,agent_no_planner,xgb,leakage,1.0,1.0,1.0
Credit_base,agent_no_planner,xgb,missing,1.0,1.0,1.0
Credit_base,agent_no_planner,xgb,label_noise,1.0,1.0,1.0
Credit_base,agent_no_planner,xgb,near_duplicate,1.0,0.0,0.0
Credit_base,agent_no_planner,xgb,class_imbalance,1.0,1.0,1.0
Credit_base,agent_no_planner,xgb,format_inconsistency,1.0,0.0,0.0
Credit_base,agent_zero_shot,xgb,leakage,1.0,1.0,1.0
Credit_base,agent_zero_shot,xgb,missing,1.0,1.0,1.0
Credit_base,agent_zero_shot,xgb,label_noise,1.0,1.0,1.0
Credit_base,agent_zero_shot,xgb,near_duplicate,1.0,0.0,0.0
Credit_base,agent_zero_shot,xgb,class_imbalance,1.0,1.0,1.0
Credit_base,agent_zero_shot,xgb,format_inconsistency,1.0,1.0,1.0
Credit_base,agent_few_shot,xgb,leakage,1.0,1.0,1.0
Credit_base,agent_few_shot,xgb,missing,1.0,1.0,1.0
Credit_base,agent_few_shot,xgb,label_noise,1.0,1.0,1.0
Credit_base,agent_few_shot,xgb,near_duplicate,1.0,0.0,0.0
Credit_base,agent_few_shot,xgb,class_imbalance,1.0,1.0,1.0
Credit_base,agent_few_shot,xgb,format_inconsistency,1.0,1.0,1.0
EEG_base,rule_based,xgb,leakage,1.0,0.0,0.0
EEG_base,rule_based,xgb,missing,0.75,1.0,0.8571428571428571
EEG_base,rule_based,xgb,label_noise,1.0,0.0,0.0
EEG_base,rule_based,xgb,near_duplicate,1.0,0.0,0.0
EEG_base,rule_based,xgb,class_imbalance,1.0,0.0,0.0
EEG_base,rule_based,xgb,format_inconsistency,1.0,1.0,1.0
EEG_base,agent_full,xgb,leakage,1.0,1.0,1.0
EEG_base,agent_full,xgb,missing,1.0,1.0,1.0
EEG_base,agent_full,xgb,label_noise,1.0,1.0,1.0
EEG_base,agent_full,xgb,near_duplicate,1.0,0.0,0.0
EEG_base,agent_full,xgb,class_imbalance,1.0,1.0,1.0
EEG_base,agent_full,xgb,format_inconsistency,1.0,1.0,1.0
EEG_base,agent_no_reviewer,xgb,leakage,1.0,1.0,1.0
EEG_base,agent_no_reviewer,xgb,missing,1.0,1.0,1.0
EEG_base,agent_no_reviewer,xgb,label_noise,1.0,1.0,1.0
EEG_base,agent_no_reviewer,xgb,near_duplicate,1.0,0.0,0.0
EEG_base,agent_no_reviewer,xgb,class_imbalance,1.0,0.0,0.0
EEG_base,agent_no_reviewer,xgb,format_inconsistency,1.0,0.0,0.0
EEG_base,agent_no_planner,xgb,leakage,1.0,1.0,1.0
EEG_base,agent_no_planner,xgb,missing,1.0,1.0,1.0
EEG_base,agent_no_planner,xgb,label_noise,1.0,1.0,1.0
EEG_base,agent_no_planner,xgb,near_duplicate,1.0,0.0,0.0
EEG_base,agent_no_planner,xgb,class_imbalance,1.0,0.0,0.0
EEG_base,agent_no_planner,xgb,format_inconsistency,1.0,1.0,1.0
EEG_base,agent_zero_shot,xgb,leakage,1.0,1.0,1.0
EEG_base,agent_zero_shot,xgb,missing,1.0,1.0,1.0
EEG_base,agent_zero_shot,xgb,label_noise,1.0,1.0,1.0
EEG_base,agent_zero_shot,xgb,near_duplicate,1.0,0.0,0.0
EEG_base,agent_zero_shot,xgb,class_imbalance,1.0,1.0,1.0
EEG_base,agent_zero_shot,xgb,format_inconsistency,1.0,1.0,1.0
EEG_base,agent_few_shot,xgb,leakage,1.0,1.0,1.0
EEG_base,agent_few_shot,xgb,missing,1.0,1.0,1.0
EEG_base,agent_few_shot,xgb,label_noise,1.0,1.0,1.0
EEG_base,agent_few_shot,xgb,near_duplicate,0.0,0.0,0.0
EEG_base,agent_few_shot,xgb,class_imbalance,1.0,1.0,1.0
EEG_base,agent_few_shot,xgb,format_inconsistency,1.0,1.0,1.0
breast_cancer,rule_based,xgb,leakage,1.0,0.0,0.0
breast_cancer,rule_based,xgb,missing,0.75,1.0,0.8571428571428571
breast_cancer,rule_based,xgb,label_noise,1.0,0.0,0.0
breast_cancer,rule_based,xgb,near_duplicate,1.0,0.0,0.0
breast_cancer,rule_based,xgb,class_imbalance,1.0,0.0,0.0
breast_cancer,rule_based,xgb,format_inconsistency,1.0,1.0,1.0
breast_cancer,rule_based,rf,leakage,1.0,0.0,0.0
breast_cancer,rule_based,rf,missing,0.75,1.0,0.8571428571428571
breast_cancer,rule_based,rf,label_noise,1.0,0.0,0.0
breast_cancer,rule_based,rf,near_duplicate,1.0,0.0,0.0
breast_cancer,rule_based,rf,class_imbalance,1.0,0.0,0.0
breast_cancer,rule_based,rf,format_inconsistency,1.0,1.0,1.0
breast_cancer,rule_based,lr,leakage,1.0,0.0,0.0
breast_cancer,rule_based,lr,missing,0.75,1.0,0.8571428571428571
breast_cancer,rule_based,lr,label_noise,1.0,0.0,0.0
breast_cancer,rule_based,lr,near_duplicate,1.0,0.0,0.0
breast_cancer,rule_based,lr,class_imbalance,1.0,0.0,0.0
breast_cancer,rule_based,lr,format_inconsistency,1.0,1.0,1.0
breast_cancer,agent_full,xgb,leakage,1.0,1.0,1.0
breast_cancer,agent_full,xgb,missing,1.0,1.0,1.0
breast_cancer,agent_full,xgb,label_noise,1.0,1.0,1.0
breast_cancer,agent_full,xgb,near_duplicate,1.0,0.0,0.0
breast_cancer,agent_full,xgb,class_imbalance,1.0,0.0,0.0
breast_cancer,agent_full,xgb,format_inconsistency,1.0,1.0,1.0
breast_cancer,agent_full,rf,leakage,1.0,1.0,1.0
breast_cancer,agent_full,rf,missing,1.0,1.0,1.0
breast_cancer,agent_full,rf,label_noise,1.0,1.0,1.0
breast_cancer,agent_full,rf,near_duplicate,1.0,0.0,0.0
breast_cancer,agent_full,rf,class_imbalance,1.0,0.0,0.0
breast_cancer,agent_full,rf,format_inconsistency,1.0,1.0,1.0
breast_cancer,agent_full,lr,leakage,1.0,1.0,1.0
breast_cancer,agent_full,lr,missing,1.0,1.0,1.0
breast_cancer,agent_full,lr,label_noise,1.0,1.0,1.0
breast_cancer,agent_full,lr,near_duplicate,1.0,0.0,0.0
breast_cancer,agent_full,lr,class_imbalance,1.0,0.0,0.0
breast_cancer,agent_full,lr,format_inconsistency,1.0,1.0,1.0
breast_cancer,agent_no_reviewer,xgb,leakage,1.0,1.0,1.0
breast_cancer,agent_no_reviewer,xgb,missing,1.0,1.0,1.0
breast_cancer,agent_no_reviewer,xgb,label_noise,1.0,1.0,1.0
breast_cancer,agent_no_reviewer,xgb,near_duplicate,1.0,0.0,0.0
breast_cancer,agent_no_reviewer,xgb,class_imbalance,1.0,0.0,0.0
breast_cancer,agent_no_reviewer,xgb,format_inconsistency,1.0,1.0,1.0
breast_cancer,agent_no_reviewer,rf,leakage,1.0,1.0,1.0
breast_cancer,agent_no_reviewer,rf,missing,1.0,1.0,1.0
breast_cancer,agent_no_reviewer,rf,label_noise,1.0,1.0,1.0
breast_cancer,agent_no_reviewer,rf,near_duplicate,1.0,0.0,0.0
breast_cancer,agent_no_reviewer,rf,class_imbalance,1.0,0.0,0.0
breast_cancer,agent_no_reviewer,rf,format_inconsistency,1.0,1.0,1.0
breast_cancer,agent_no_reviewer,lr,leakage,1.0,1.0,1.0
breast_cancer,agent_no_reviewer,lr,missing,1.0,1.0,1.0
breast_cancer,agent_no_reviewer,lr,label_noise,1.0,1.0,1.0
breast_cancer,agent_no_reviewer,lr,near_duplicate,1.0,0.0,0.0
breast_cancer,agent_no_reviewer,lr,class_imbalance,1.0,0.0,0.0
breast_cancer,agent_no_reviewer,lr,format_inconsistency,1.0,1.0,1.0
breast_cancer,agent_no_planner,xgb,leakage,1.0,1.0,1.0
breast_cancer,agent_no_planner,xgb,missing,1.0,1.0,1.0
breast_cancer,agent_no_planner,xgb,label_noise,1.0,1.0,1.0
breast_cancer,agent_no_planner,xgb,near_duplicate,1.0,0.0,0.0
breast_cancer,agent_no_planner,xgb,class_imbalance,1.0,0.0,0.0
breast_cancer,agent_no_planner,xgb,format_inconsistency,1.0,1.0,1.0
breast_cancer,agent_no_planner,rf,leakage,1.0,1.0,1.0
breast_cancer,agent_no_planner,rf,missing,1.0,1.0,1.0
breast_cancer,agent_no_planner,rf,label_noise,1.0,1.0,1.0
breast_cancer,agent_no_planner,rf,near_duplicate,1.0,0.0,0.0
breast_cancer,agent_no_planner,rf,class_imbalance,1.0,0.0,0.0
breast_cancer,agent_no_planner,rf,format_inconsistency,1.0,1.0,1.0
breast_cancer,agent_no_planner,lr,leakage,1.0,1.0,1.0
breast_cancer,agent_no_planner,lr,missing,1.0,1.0,1.0
breast_cancer,agent_no_planner,lr,label_noise,1.0,1.0,1.0
breast_cancer,agent_no_planner,lr,near_duplicate,1.0,0.0,0.0
breast_cancer,agent_no_planner,lr,class_imbalance,1.0,0.0,0.0
breast_cancer,agent_no_planner,lr,format_inconsistency,1.0,1.0,1.0
breast_cancer,agent_zero_shot,xgb,leakage,1.0,1.0,1.0
breast_cancer,agent_zero_shot,xgb,missing,1.0,1.0,1.0
breast_cancer,agent_zero_shot,xgb,label_noise,1.0,1.0,1.0
breast_cancer,agent_zero_shot,xgb,near_duplicate,1.0,0.0,0.0
breast_cancer,agent_zero_shot,xgb,class_imbalance,1.0,1.0,1.0
breast_cancer,agent_zero_shot,xgb,format_inconsistency,1.0,1.0,1.0
breast_cancer,agent_zero_shot,rf,leakage,1.0,1.0,1.0
breast_cancer,agent_zero_shot,rf,missing,1.0,1.0,1.0
breast_cancer,agent_zero_shot,rf,label_noise,1.0,1.0,1.0
breast_cancer,agent_zero_shot,rf,near_duplicate,1.0,0.0,0.0
breast_cancer,agent_zero_shot,rf,class_imbalance,1.0,1.0,1.0
breast_cancer,agent_zero_shot,rf,format_inconsistency,1.0,1.0,1.0
breast_cancer,agent_zero_shot,lr,leakage,1.0,1.0,1.0
breast_cancer,agent_zero_shot,lr,missing,1.0,1.0,1.0
breast_cancer,agent_zero_shot,lr,label_noise,1.0,1.0,1.0
breast_cancer,agent_zero_shot,lr,near_duplicate,1.0,0.0,0.0
breast_cancer,agent_zero_shot,lr,class_imbalance,1.0,1.0,1.0
breast_cancer,agent_zero_shot,lr,format_inconsistency,1.0,1.0,1.0
breast_cancer,agent_few_shot,xgb,leakage,1.0,1.0,1.0
breast_cancer,agent_few_shot,xgb,missing,1.0,1.0,1.0
breast_cancer,agent_few_shot,xgb,label_noise,1.0,1.0,1.0
breast_cancer,agent_few_shot,xgb,near_duplicate,1.0,0.0,0.0
breast_cancer,agent_few_shot,xgb,class_imbalance,1.0,1.0,1.0
breast_cancer,agent_few_shot,xgb,format_inconsistency,1.0,1.0,1.0
breast_cancer,agent_few_shot,rf,leakage,1.0,1.0,1.0
breast_cancer,agent_few_shot,rf,missing,1.0,1.0,1.0
breast_cancer,agent_few_shot,rf,label_noise,1.0,1.0,1.0
breast_cancer,agent_few_shot,rf,near_duplicate,1.0,0.0,0.0
breast_cancer,agent_few_shot,rf,class_imbalance,1.0,1.0,1.0
breast_cancer,agent_few_shot,rf,format_inconsistency,1.0,1.0,1.0
breast_cancer,agent_few_shot,lr,leakage,1.0,1.0,1.0
breast_cancer,agent_few_shot,lr,missing,1.0,1.0,1.0
breast_cancer,agent_few_shot,lr,label_noise,1.0,1.0,1.0
breast_cancer,agent_few_shot,lr,near_duplicate,1.0,0.0,0.0
breast_cancer,agent_few_shot,lr,class_imbalance,1.0,1.0,1.0
breast_cancer,agent_few_shot,lr,format_inconsistency,1.0,1.0,1.0
digits,rule_based,xgb,leakage,1.0,0.0,0.0
digits,rule_based,xgb,missing,0.75,1.0,0.8571428571428571
digits,rule_based,xgb,label_noise,1.0,0.0,0.0
digits,rule_based,xgb,near_duplicate,1.0,0.0,0.0
digits,rule_based,xgb,class_imbalance,1.0,0.0,0.0
digits,rule_based,xgb,format_inconsistency,1.0,1.0,1.0
digits,agent_full,xgb,leakage,1.0,1.0,1.0
digits,agent_full,xgb,missing,1.0,1.0,1.0
digits,agent_full,xgb,label_noise,1.0,1.0,1.0
digits,agent_full,xgb,near_duplicate,1.0,0.0,0.0
digits,agent_full,xgb,class_imbalance,1.0,1.0,1.0
digits,agent_full,xgb,format_inconsistency,1.0,1.0,1.0
digits,agent_no_reviewer,xgb,leakage,1.0,1.0,1.0
digits,agent_no_reviewer,xgb,missing,1.0,1.0,1.0
digits,agent_no_reviewer,xgb,label_noise,1.0,1.0,1.0
digits,agent_no_reviewer,xgb,near_duplicate,1.0,0.0,0.0
digits,agent_no_reviewer,xgb,class_imbalance,1.0,0.0,0.0
digits,agent_no_reviewer,xgb,format_inconsistency,1.0,1.0,1.0
digits,agent_no_planner,xgb,leakage,1.0,1.0,1.0
digits,agent_no_planner,xgb,missing,1.0,1.0,1.0
digits,agent_no_planner,xgb,label_noise,1.0,1.0,1.0
digits,agent_no_planner,xgb,near_duplicate,1.0,0.0,0.0
digits,agent_no_planner,xgb,class_imbalance,1.0,0.0,0.0
digits,agent_no_planner,xgb,format_inconsistency,1.0,1.0,1.0
digits,agent_zero_shot,xgb,leakage,1.0,1.0,1.0
digits,agent_zero_shot,xgb,missing,1.0,1.0,1.0
digits,agent_zero_shot,xgb,label_noise,1.0,1.0,1.0
digits,agent_zero_shot,xgb,near_duplicate,1.0,0.0,0.0
digits,agent_zero_shot,xgb,class_imbalance,1.0,1.0,1.0
digits,agent_zero_shot,xgb,format_inconsistency,1.0,1.0,1.0
digits,agent_few_shot,xgb,leakage,1.0,1.0,1.0
digits,agent_few_shot,xgb,missing,1.0,1.0,1.0
digits,agent_few_shot,xgb,label_noise,1.0,1.0,1.0
digits,agent_few_shot,xgb,near_duplicate,1.0,0.0,0.0
digits,agent_few_shot,xgb,class_imbalance,1.0,1.0,1.0
digits,agent_few_shot,xgb,format_inconsistency,1.0,1.0,1.0
wine,rule_based,xgb,leakage,1.0,0.0,0.0
wine,rule_based,xgb,missing,0.75,1.0,0.8571428571428571
wine,rule_based,xgb,label_noise,1.0,0.0,0.0
wine,rule_based,xgb,near_duplicate,1.0,0.0,0.0
wine,rule_based,xgb,class_imbalance,1.0,0.0,0.0
wine,rule_based,xgb,format_inconsistency,1.0,1.0,1.0
wine,agent_full,xgb,leakage,1.0,1.0,1.0
wine,agent_full,xgb,missing,1.0,1.0,1.0
wine,agent_full,xgb,label_noise,1.0,1.0,1.0
wine,agent_full,xgb,near_duplicate,1.0,0.0,0.0
wine,agent_full,xgb,class_imbalance,1.0,0.0,0.0
wine,agent_full,xgb,format_inconsistency,1.0,1.0,1.0
wine,agent_no_reviewer,xgb,leakage,1.0,1.0,1.0
wine,agent_no_reviewer,xgb,missing,1.0,1.0,1.0
wine,agent_no_reviewer,xgb,label_noise,1.0,1.0,1.0
wine,agent_no_reviewer,xgb,near_duplicate,1.0,0.0,0.0
wine,agent_no_reviewer,xgb,class_imbalance,1.0,0.0,0.0
wine,agent_no_reviewer,xgb,format_inconsistency,1.0,1.0,1.0
wine,agent_no_planner,xgb,leakage,1.0,1.0,1.0
wine,agent_no_planner,xgb,missing,1.0,1.0,1.0
wine,agent_no_planner,xgb,label_noise,1.0,1.0,1.0
wine,agent_no_planner,xgb,near_duplicate,1.0,0.0,0.0
wine,agent_no_planner,xgb,class_imbalance,1.0,0.0,0.0
wine,agent_no_planner,xgb,format_inconsistency,1.0,1.0,1.0
wine,agent_zero_shot,xgb,leakage,1.0,1.0,1.0
wine,agent_zero_shot,xgb,missing,1.0,1.0,1.0
wine,agent_zero_shot,xgb,label_noise,1.0,1.0,1.0
wine,agent_zero_shot,xgb,near_duplicate,1.0,0.0,0.0
wine,agent_zero_shot,xgb,class_imbalance,1.0,1.0,1.0
wine,agent_zero_shot,xgb,format_inconsistency,1.0,1.0,1.0
wine,agent_few_shot,xgb,leakage,1.0,1.0,1.0
wine,agent_few_shot,xgb,missing,1.0,1.0,1.0
wine,agent_few_shot,xgb,label_noise,1.0,1.0,1.0
wine,agent_few_shot,xgb,near_duplicate,0.0,0.0,0.0
wine,agent_few_shot,xgb,class_imbalance,1.0,1.0,1.0
wine,agent_few_shot,xgb,format_inconsistency,1.0,1.0,1.0
pima_diabetes,rule_based,xgb,leakage,1.0,0.0,0.0
pima_diabetes,rule_based,xgb,missing,0.75,1.0,0.8571428571428571
pima_diabetes,rule_based,xgb,label_noise,1.0,0.0,0.0
pima_diabetes,rule_based,xgb,near_duplicate,1.0,0.0,0.0
pima_diabetes,rule_based,xgb,class_imbalance,1.0,0.0,0.0
pima_diabetes,rule_based,xgb,format_inconsistency,1.0,1.0,1.0
pima_diabetes,agent_full,xgb,leakage,1.0,1.0,1.0
pima_diabetes,agent_full,xgb,missing,1.0,1.0,1.0
pima_diabetes,agent_full,xgb,label_noise,1.0,1.0,1.0
pima_diabetes,agent_full,xgb,near_duplicate,1.0,0.0,0.0
pima_diabetes,agent_full,xgb,class_imbalance,1.0,1.0,1.0
pima_diabetes,agent_full,xgb,format_inconsistency,1.0,1.0,1.0
pima_diabetes,agent_no_reviewer,xgb,leakage,1.0,1.0,1.0
pima_diabetes,agent_no_reviewer,xgb,missing,1.0,1.0,1.0
pima_diabetes,agent_no_reviewer,xgb,label_noise,1.0,1.0,1.0
pima_diabetes,agent_no_reviewer,xgb,near_duplicate,1.0,0.0,0.0
pima_diabetes,agent_no_reviewer,xgb,class_imbalance,1.0,0.0,0.0
pima_diabetes,agent_no_reviewer,xgb,format_inconsistency,1.0,0.0,0.0
pima_diabetes,agent_no_planner,xgb,leakage,1.0,1.0,1.0
pima_diabetes,agent_no_planner,xgb,missing,1.0,1.0,1.0
pima_diabetes,agent_no_planner,xgb,label_noise,1.0,1.0,1.0
pima_diabetes,agent_no_planner,xgb,near_duplicate,1.0,0.0,0.0
pima_diabetes,agent_no_planner,xgb,class_imbalance,1.0,0.0,0.0
pima_diabetes,agent_no_planner,xgb,format_inconsistency,1.0,1.0,1.0
pima_diabetes,agent_zero_shot,xgb,leakage,1.0,1.0,1.0
pima_diabetes,agent_zero_shot,xgb,missing,1.0,1.0,1.0
pima_diabetes,agent_zero_shot,xgb,label_noise,1.0,1.0,1.0
pima_diabetes,agent_zero_shot,xgb,near_duplicate,1.0,0.0,0.0
pima_diabetes,agent_zero_shot,xgb,class_imbalance,1.0,1.0,1.0
pima_diabetes,agent_zero_shot,xgb,format_inconsistency,1.0,1.0,1.0
pima_diabetes,agent_few_shot,xgb,leakage,1.0,1.0,1.0
pima_diabetes,agent_few_shot,xgb,missing,1.0,1.0,1.0
pima_diabetes,agent_few_shot,xgb,label_noise,1.0,1.0,1.0
pima_diabetes,agent_few_shot,xgb,near_duplicate,1.0,0.0,0.0
pima_diabetes,agent_few_shot,xgb,class_imbalance,1.0,1.0,1.0
pima_diabetes,agent_few_shot,xgb,format_inconsistency,1.0,1.0,1.0
